NetID,Latitude,Longitude,depth_m,n_presence,upwelling_proxy,retention_proxy,kuroshio_dist_km
1,32.793914,132.628975,30.0,2,-0.10012920219295396,-0.6727468356368203,
10,33.35765,133.337593,19.0,9,-0.054814746444576054,-0.0593006529514342,
11,32.77052,133.019357,28.0,15,0.0029461036569393,0.4641244043199263,
12,33.400017,134.011099,26.0,1,0.033329728446415297,0.01037274701120745,
13,33.360612,134.043999,23.0,2,0.0375763532391619,-0.036936808557192,
14,33.311698,134.201284,30.0,32,-0.106445801931766,0.1129684658183157,
15,33.269809,134.202371,47.0,32,0.1101938565367832,-0.0102285368926923,
16,33.302961,134.204049,60.0,28,-0.1154696236236119,0.0301841073391395,
17,33.428671,134.243505,45.0,53,-0.16540482382915644,-0.06881774411296285,
18,33.455525,134.256103,44.0,12,-0.0679850779252412,-0.0460969650676847,
19,33.456354,134.256776,40.0,4,-0.1720138993506987,-0.1059877880352205,
2,32.802579,132.633563,41.0,4,0.0950000117451871,-0.4804710318799452,
20,33.593837,134.379416,33.0,1,-0.06617857776419905,-0.09062681447093796,
3,32.812774,132.642032,44.0,1,0.1089873816471426,-0.4755106492947405,
4,32.784353,132.703013,45.0,5,0.4455729796553364,-0.2336771537877277,
5,32.756666,132.822107,18.0,3,0.37218523780901913,-0.15571562583451126,
6,32.797259,132.991236,25.0,88,-0.2758326937189084,0.1430234717549655,
7,32.794714,132.981033,18.0,2,-0.16769665684621635,0.2805019754148821,
8,32.734923,133.029438,49.0,5,-0.1301938426394092,0.7840162562874162,
9,33.159542,133.224963,34.0,1,-0.0461272787575611,-0.1373299046409654,
