NetID,Latitude,Longitude,depth_m,n_presence,upwelling_proxy,retention_proxy,kuroshio_dist_km,date,Jday,SST,SST_source,core_risk,core_percentile,core_risk_class,maxent_suitability,upwelling_context,kuroshio_context,integrated_risk,integrated_formula,integrated_percentile_today,integrated_risk_class,model_main,maxent_source,note,net_name,net_label
6,32.797259,132.991236,25,88,-0.2758326937189084,0.1430234717549655,,2026-07-09,190,26.13999938964844,master_climatology_v0,0.3967804509280054,0.9512121212121212,Very high,0.2772321796196,0.2989867335600568,,0.3821113933228131,0.85 core + 0.15 upwelling; kuroshio not implemented in v0.1,0.9,Very high,GAM: Jday + SST + depth,glm_maxent_like,Integrated risk is experimental. Core GAM risk should be treated as the main risk index. Kuroshio context is not implemented in v0.1.,以布利,以布利（NetID 6）
12,33.400017,134.011099,26,1,0.0333297284464152,0.0103727470112074,,2026-07-09,190,25.440000534057617,master_climatology_v0,0.3778629355451514,0.9418181818181818,Very high,0.272008816015416,0.5044528639111922,,0.3968514248000575,0.85 core + 0.15 upwelling; kuroshio not implemented in v0.1,1.0,Very high,GAM: Jday + SST + depth,glm_maxent_like,Integrated risk is experimental. Core GAM risk should be treated as the main risk index. Kuroshio context is not implemented in v0.1.,奈半利,奈半利（NetID 12）
11,32.77052,133.019357,28,15,0.0029461036569393,0.4641244043199263,,2026-07-09,190,26.600000381469727,master_climatology_v0,0.3720918292642461,0.9384848484848484,Very high,0.2742323230116759,0.4842602228786538,,0.3889170883064073,0.85 core + 0.15 upwelling; kuroshio not implemented in v0.1,0.95,Very high,GAM: Jday + SST + depth,glm_maxent_like,Integrated risk is experimental. Core GAM risk should be treated as the main risk index. Kuroshio context is not implemented in v0.1.,窪津,窪津（NetID 11）
16,33.302961,134.204049,60,28,-0.1154696236236119,0.0301841073391395,,2026-07-09,190,24.739999771118164,master_climatology_v0,0.3183831132410054,0.91,Very high,0.3997204780492944,0.4055623621016425,,0.3314600005701009,0.85 core + 0.15 upwelling; kuroshio not implemented in v0.1,0.8,High,GAM: Jday + SST + depth,glm_maxent_like,Integrated risk is experimental. Core GAM risk should be treated as the main risk index. Kuroshio context is not implemented in v0.1.,三津,三津（NetID 16）
13,33.360612,134.043999,23,2,0.0375763532391619,-0.036936808557192,,2026-07-09,190,25.89999961853028,master_climatology_v0,0.2988236908811405,0.8996969696969697,High,0.2783313566647102,0.5072751265817578,,0.330091406236233,0.85 core + 0.15 upwelling; kuroshio not implemented in v0.1,0.75,High,GAM: Jday + SST + depth,glm_maxent_like,Integrated risk is experimental. Core GAM risk should be treated as the main risk index. Kuroshio context is not implemented in v0.1.,羽根,羽根（NetID 13）
17,33.428671,134.243505,45,53,-0.1654048238291564,-0.0688177441129628,,2026-07-09,190,26.1299991607666,master_climatology_v0,0.292685369347457,0.8960606060606061,High,0.3166989486325645,0.3723759473922379,,0.3046389560541741,0.85 core + 0.15 upwelling; kuroshio not implemented in v0.1,0.7,Moderate,GAM: Jday + SST + depth,glm_maxent_like,Integrated risk is experimental. Core GAM risk should be treated as the main risk index. Kuroshio context is not implemented in v0.1.,佐喜浜,佐喜浜（NetID 17）
4,32.784353,132.703013,45,5,0.4455729796553364,-0.2336771537877277,,2026-07-09,190,26.040000915527344,master_climatology_v0,0.2891761726393378,0.8939393939393939,High,0.3166342889866682,0.7784254411604863,,0.3625635629175101,0.85 core + 0.15 upwelling; kuroshio not implemented in v0.1,0.85,High,GAM: Jday + SST + depth,glm_maxent_like,Integrated risk is experimental. Core GAM risk should be treated as the main risk index. Kuroshio context is not implemented in v0.1.,古満目,古満目（NetID 4）
15,33.269809,134.202371,47,32,0.1101938565367832,-0.0102285368926923,,2026-07-09,190,25.600000381469727,master_climatology_v0,0.2575479149636153,0.8718181818181818,High,0.3236017028178725,0.5555359640206118,,0.3022461223221648,0.85 core + 0.15 upwelling; kuroshio not implemented in v0.1,0.65,Moderate,GAM: Jday + SST + depth,glm_maxent_like,Integrated risk is experimental. Core GAM risk should be treated as the main risk index. Kuroshio context is not implemented in v0.1.,高岡,高岡（NetID 15）
3,32.812774,132.642032,44,1,0.1089873816471426,-0.4755106492947405,,2026-07-09,190,25.530000686645508,master_climatology_v0,0.2278918839287873,0.8481818181818181,High,0.3082833686869913,0.5547341533568058,,0.27691822434299,0.85 core + 0.15 upwelling; kuroshio not implemented in v0.1,0.6,Moderate,GAM: Jday + SST + depth,glm_maxent_like,Integrated risk is experimental. Core GAM risk should be treated as the main risk index. Kuroshio context is not implemented in v0.1.,橘浦,橘浦（NetID 3）
14,33.311698,134.201284,30,32,-0.106445801931766,0.1129684658183157,,2026-07-09,190,25.554999351501465,master_climatology_v0,0.1940549256582602,0.8227272727272728,High,0.2742294166550196,0.4115595001464814,,0.2266806118314934,0.85 core + 0.15 upwelling; kuroshio not implemented in v0.1,0.55,Moderate,GAM: Jday + SST + depth,glm_maxent_like,Integrated risk is experimental. Core GAM risk should be treated as the main risk index. Kuroshio context is not implemented in v0.1.,椎名,椎名（NetID 14）
1,32.793914,132.628975,30,2,-0.1001292021929539,-0.6727468356368203,,2026-07-09,190,25.4950008392334,master_climatology_v0,0.1922420638949458,0.8203030303030303,High,0.2734854849282144,0.4157574466375872,,0.2257693713063421,0.85 core + 0.15 upwelling; kuroshio not implemented in v0.1,0.5,Moderate,GAM: Jday + SST + depth,glm_maxent_like,Integrated risk is experimental. Core GAM risk should be treated as the main risk index. Kuroshio context is not implemented in v0.1.,一切,一切（NetID 1）
8,32.734923,133.029438,49,5,-0.1301938426394092,0.7840162562874162,,2026-07-09,190,24.789999961853027,master_climatology_v0,0.1682748746711142,0.796060606060606,High,0.3174959184661675,0.3957767992818484,,0.2024001633627243,0.85 core + 0.15 upwelling; kuroshio not implemented in v0.1,0.4,Low,GAM: Jday + SST + depth,glm_maxent_like,Integrated risk is experimental. Core GAM risk should be treated as the main risk index. Kuroshio context is not implemented in v0.1.,伊佐,伊佐（NetID 8）
18,33.455525,134.256103,44,12,-0.0679850779252412,-0.0460969650676847,,2026-07-09,190,23.540000915527344,master_climatology_v0,0.1637305912087171,0.7915151515151515,High,0.2423368679541064,0.4371200973134226,,0.2047390171244229,0.85 core + 0.15 upwelling; kuroshio not implemented in v0.1,0.45,Low,GAM: Jday + SST + depth,glm_maxent_like,Integrated risk is experimental. Core GAM risk should be treated as the main risk index. Kuroshio context is not implemented in v0.1.,野根,野根（NetID 18）
10,33.35765,133.337593,19,9,-0.054814746444576,-0.0593006529514342,,2026-07-09,190,25.914999961853027,master_climatology_v0,0.0977580343058151,0.7063636363636364,Moderate,0.2845625480086384,0.4458729626384555,,0.1499752735557111,0.85 core + 0.15 upwelling; kuroshio not implemented in v0.1,0.3,Low,GAM: Jday + SST + depth,glm_maxent_like,Integrated risk is experimental. Core GAM risk should be treated as the main risk index. Kuroshio context is not implemented in v0.1.,双子,双子（NetID 10）
5,32.756666,132.822107,18,3,0.3721852378090191,-0.1557156258345112,,2026-07-09,190,25.86000061035156,master_climatology_v0,0.0679258084372014,0.6578787878787878,Moderate,0.2864685351530096,0.7296527111929755,,0.1671848438505675,0.85 core + 0.15 upwelling; kuroshio not implemented in v0.1,0.35,Low,GAM: Jday + SST + depth,glm_maxent_like,Integrated risk is experimental. Core GAM risk should be treated as the main risk index. Kuroshio context is not implemented in v0.1.,貝の川,貝の川（NetID 5）
2,32.802579,132.633563,41,4,0.0950000117451871,-0.4804710318799452,,2026-07-09,190,25.59000015258789,master_climatology_v0,0.067355193954067,0.6563636363636364,Moderate,0.2972401286845665,0.5454382927945286,,0.1390676587801363,0.85 core + 0.15 upwelling; kuroshio not implemented in v0.1,0.25,Low,GAM: Jday + SST + depth,glm_maxent_like,Integrated risk is experimental. Core GAM risk should be treated as the main risk index. Kuroshio context is not implemented in v0.1.,安満地,安満地（NetID 2）
7,32.794714,132.981033,18,2,-0.1676966568462163,0.2805019754148821,,2026-07-09,190,24.850000381469727,master_climatology_v0,0.0564601982166944,0.6345454545454545,Moderate,0.2701873723465831,0.3708528190051325,,0.1036190913349601,0.85 core + 0.15 upwelling; kuroshio not implemented in v0.1,0.15,Low,GAM: Jday + SST + depth,glm_maxent_like,Integrated risk is experimental. Core GAM risk should be treated as the main risk index. Kuroshio context is not implemented in v0.1.,尻貝の浜,尻貝の浜（NetID 7）
20,33.593837,134.379416,33,1,-0.066178577764199,-0.0906268144709379,,2026-07-09,190,25.125,master_climatology_v0,0.0503322058907555,0.6209090909090909,Moderate,0.2703410918270238,0.4383206785320857,,0.108530476786955,0.85 core + 0.15 upwelling; kuroshio not implemented in v0.1,0.2,Low,GAM: Jday + SST + depth,glm_maxent_like,Integrated risk is experimental. Core GAM risk should be treated as the main risk index. Kuroshio context is not implemented in v0.1.,鞆浦,鞆浦（NetID 20）
19,33.456354,134.256776,40,4,-0.1720138993506987,-0.1059877880352205,,2026-07-09,190,25.59000015258789,master_climatology_v0,0.0439115913212589,0.5969696969696969,Moderate,0.2938730462064431,0.3679836245378014,,0.0925223963037403,0.85 core + 0.15 upwelling; kuroshio not implemented in v0.1,0.05,Low,GAM: Jday + SST + depth,glm_maxent_like,Integrated risk is experimental. Core GAM risk should be treated as the main risk index. Kuroshio context is not implemented in v0.1.,東洋,東洋（NetID 19）
9,33.159542,133.224963,34,1,-0.0461272787575611,-0.1373299046409654,,2026-07-09,190,26.1299991607666,master_climatology_v0,0.041842967006079,0.5878787878787879,Moderate,0.2822238664737734,0.4516465633099076,,0.1033135064516533,0.85 core + 0.15 upwelling; kuroshio not implemented in v0.1,0.1,Low,GAM: Jday + SST + depth,glm_maxent_like,Integrated risk is experimental. Core GAM risk should be treated as the main risk index. Kuroshio context is not implemented in v0.1.,窪川,窪川（NetID 9）
